"Company","Score","Title","URL"
"AIG","82","Search for Jobs - myworkdayjobs.com","https://aig.wd1.myworkdayjobs.com/aig"
"AQR Capital Management","127","Careers at AQR","https://careers.aqr.com/"
"AQR Capital Management","127","Careers - aqr .com","https://www.aqr.com/Our-Firm/Careers"
"Acadian Asset Management","127","Acadian Careers | Acadian Asset Management","https://www.acadian-asset.com/careers"
"Affirm","82","Jobs at Affirm","https://job-boards.greenhouse.io/affirm?error=true"
"AllianceBernstein","142","Careers Student Programs | AB - AllianceBernstein","https://www.alliancebernstein.com/corporate/en/careers/students.html"
"AllianceBernstein","127","Careers | AB - AllianceBernstein","https://www.alliancebernstein.com/corporate/en/careers.html"
"AllianceBernstein","82","Search for Jobs - myworkdayjobs.com","https://abglobal.wd1.myworkdayjobs.com/alliancebernsteincareers"
"Allstate","82","Search for Jobs - myworkdayjobs.com","https://allstate.wd5.myworkdayjobs.com/allstate_careers"
"Allstate","82","Search for Jobs - myworkdayjobs.com","https://allstate.wd5.myworkdayjobs.com/Agent"
"Allstate","57","allstate .wd5.myworkdayjobs.com","https://allstate.wd5.myworkdayjobs.com/allstate_careers/job/GA---Atlanta/Licensed-Insurance-Sales-Representative_R28332"
"Ally Financial","52","Internships & Recent Graduates: Career Building Information | Ally","https://www.ally.com/about/careers/students/"
"American Express","154","Search Jobs - American Express Careers","https://careers.americanexpress.com/en/sites/CX_1/jobs?intlink=us-amex-career-en-us-GlobalStudentsPage-View-all-jobs"
"American Express","139","American Express Careers & Job Openings | Amex Careers US","https://www.americanexpress.com/en-us/careers/"
"American Express","139","American Express Careers","https://careers.americanexpress.com/en/"
"American Express","139","Search Jobs - American Express Careers","https://careers.americanexpress.com/en/sites/CX_1/jobs"
"Apollo Global Management","82","Search for Jobs - myworkdayjobs.com","https://athene.wd5.myworkdayjobs.com/Apollo_Careers"
"Ares Management","82","Search for Jobs - myworkdayjobs.com","https://aresmgmt.wd1.myworkdayjobs.com/External"
"Ares Management","52","EARLY CAREERS - ares .com","https://ares.com/us/careers/early-careers"
"Arrowstreet","82","Search for Jobs - myworkdayjobs.com","https://arrowstreetcapital.wd5.myworkdayjobs.com/Arrowstreet"
"Arrowstreet","82","Search for Jobs","https://arrowstreetcapital.wd5.myworkdayjobs.com/Campus_Careers"
"BNP Paribas","139","Jobs and careers : all our job offers - BNP Paribas","https://group.bnpparibas/en/careers"
"BNP Paribas","114","Find your future job - Banque BNP Paribas","https://group.bnpparibas/en/careers/all-job-offers"
"BNP Paribas","64","BNP Paribas | Early Careers","https://careers.bnpparibas.co.uk/"
"BNP Paribas","49","Search Jobs - BNP Paribas","https://careers.bnpparibas.co.uk/search-experienced-hire-jobs/"
"BNY Mellon","52","BNY Early Career Opportunities | Explore our Programs","https://www.bny.com/corporate/global/en/about-us/careers/students.html"
"BP","142","Careers | bp America","https://www.bp.com/en_us/united-states/home/careers.html"
"BP","127","Homepage [ careers . bp .com]","https://careers.bp.com/"
"BP","127","Job Opportunities at bp | Search open roles","https://careers.bp.com/listing"
"Bank of America","139","Bank of America Careers Site - Apply at Bank of America","https://careers.bankofamerica.com/en-us"
"Bank of America","139","Bank of America Jobs : Search & Apply for Bank of America Careers","https://careers.bankofamerica.com/en-us/job-search"
"Bank of America","139","Banking Jobs & Positions | Bank of America Careers","https://careers.bankofamerica.com/en-us/job-search/q-banking"
"Bank of America","94","Search for Jobs - myworkdayjobs.com","https://ghr.wd1.myworkdayjobs.com/Lateral-US/"
"Barclays","142","Search our Job Opportunities at Barclays - search. jobs . barclays","https://search.jobs.barclays/search-jobs/early/22545/1/1"
"Barclays","127","Search our Job Opportunities at Barclays - search. jobs . barclays","https://search.jobs.barclays/search-jobs/"
"Barclays","127","Search our Job Opportunities at Barclays - search. jobs . barclays","https://search.jobs.barclays/usa"
"Barclays","82","Search for Jobs - myworkdayjobs.com","https://barclays.wd3.myworkdayjobs.com/External_Career_Site_Barclays"
"Berkshire Hathaway","49","Careers : Berkshire Hathaway Energy","https://www.brkenergy.com/about-us/careers/"
"Berkshire Hathaway","49","Career Opportunities | Berkshire Hathaway Automotive","https://www.berkshirehathawayautomotive.com/careers/opportunities.htm"
"BlackRock","172","Career Opportunities - BlackRock","https://blackrock.tal.net/vx/candidate/jobboard/vacancy/1/adv"
"BlackRock","127","Search our Job Opportunities at BlackRock","https://careers.blackrock.com/search-jobs"
"BlackRock","102","Working at BlackRock","https://careers.blackrock.com/"
"BlackRock","82","Search for Jobs - myworkdayjobs.com","https://blackrock.wd1.myworkdayjobs.com/BlackRock_Professional/"
"Blackstone","82","Search for Jobs - myworkdayjobs.com","https://blackstone.wd1.myworkdayjobs.com/Blackstone_Careers"
"Blackstone","82","Search for Jobs - Logo","https://blackstone.wd1.myworkdayjobs.com/BX_External_Site"
"Bloomberg","82","Search for Jobs - myworkdayjobs.com","https://bloomberg.wd1.myworkdayjobs.com/Bloombergindustrygroup_External_Career_Site"
"Bloomberg","52","Early careers | Bloomberg LP","https://www.bloomberg.com/company/early-careers/"
"Blue Owl Capital","94","Search for Jobs - myworkdayjobs.com","https://blueowl.wd1.myworkdayjobs.com/blueowl"
"Blue Owl Capital","49","Careers | Blue Owl Capital","https://www.blueowl.com/careers"
"Blue Owl Capital","49","Blue Owl Capital Careers | 10 Open Roles | InforCapital","https://inforcapital.com/jobs/company/blue-owl-capital/"
"Blue Owl Capital","49","Blue Owl Capital Careers & Jobs - Wall Street Careers","https://www.wallstreetcareers.com/companies/blue-owl-capital-2436602"
"Brevan Howard","109","Careers - brevanhoward.wd3.myworkdayjobs.com","https://brevanhoward.wd3.myworkdayjobs.com/en-US/BH_ExternalCareers/job/XMLNAME-2025-Summer-Internship-Program---Geneva_JR100967"
"Brevan Howard","69","brevanhoward.wd3.myworkdayjobs.com","https://brevanhoward.wd3.myworkdayjobs.com/wday/cxs/brevanhoward/BH_ExternalCareers/job/Abu-Dhabi/XMLNAME-2025-Trading-Graduate-Program---Abu-Dhabi_JR100942"
"Brevan Howard","49","Careers | Brevan Howard","https://www.brevanhoward.com/careers/"
"Brevan Howard","49","Search for Jobs - wd3.myworkdaysite.com","https://wd3.myworkdaysite.com/en-US/recruiting/brevanhoward/BH_ExternalCareers/jobs"
"CME Group","142","Early Careers - CME Group","https://www.cmegroup.com/careers/early-careers.html"
"CME Group","127","Careers - CME Group","https://www.cmegroup.com/careers.html"
"CME Group","82","Search for Jobs - myworkdayjobs.com","https://cmegroup.wd1.myworkdayjobs.com/cme_careers/"
"CME Group","82","Careers","https://cmegroup.wd1.myworkdayjobs.com/en-US/cme_careers/introduceYourself"
"Capital Group","70","Search for Jobs - myworkdayjobs.com","https://capgroup.wd1.myworkdayjobs.com/capitalgroupcareers"
"Capital One","142","Get ahead with early career programs for students","https://www.capitalonecareers.com/get-ahead-with-early-career-programs-for-students"
"Capital One","127","Search Jobs and Careers at Capital One","https://www.capitalonecareers.com/"
"Capital One","127","Search our Job Opportunities at Capital One","https://www.capitalonecareers.com/search-jobs"
"Capital One","127","Capital One Careers","https://www.mycareeratcapitalone.com/wb/Welcome.aspx?w=ECA37C9C-5573-44C2-9FEF-466AECCACAB2"
"Capstone","52","Careers - Capstone DC","https://capstonedc.com/about/careers/"
"Caxton Associates","64","Careers - Caxton Associates","https://www.caxton.com/careers/"
"Caxton Associates","49","Caxton Associates Careers & Jobs - Wall Street Careers","https://www.wallstreetcareers.com/companies/caxton-associates-3074144"
"Charles Schwab","139","Search our Job Opportunities at Charles Schwab","https://www.schwabjobs.com/search-jobs"
"Charles Schwab","127","Careers in Finance, Technology, and Service | Schwab Jobs","https://www.schwabjobs.com/"
"Charles Schwab","127","Careers | About Schwab","https://www.aboutschwab.com/topic/careers"
"Charles Schwab","102","Digital/Technology Services recruiting site - Schwab Brokerage","https://content.schwab.com/techcareers/"
"Chubb","52","North America Careers - Chubb External","https://fa-ewgu-saasfaprod1.fa.ocs.oraclecloud.com/hcmUI/CandidateExperience/en/sites/CX_2001/pages/3001/?from=300&s=1"
"Citi","142","Early Career | Citi Careers","https://jobs.citi.com/early-careers"
"Citi","142","Pre-Internships | Citi Careers","https://jobs.citi.com/earlycareers-programs-preinternships"
"Citi","142","Internships | Citi Careers","https://jobs.citi.com/earlycareers-programs-internships"
"Citi","127","Citi Careers | Find Your Next Opportunity","https://jobs.citi.com/"
"Coinbase","127","Coinbase Careers","https://www.coinbase.com/careers"
"Coinbase","127","Positions - Careers - Coinbase","https://www.coinbase.com/careers/positions"
"D. E. Shaw","127","Careers - The D. E. Shaw Group","https://www.deshaw.com/careers"
"D. E. Shaw","52","Careers - D. E. Shaw India","https://www.deshawindia.com/careers"
"Deutsche Bank","70","Search for Jobs - myworkdayjobs.com","https://db.wd3.myworkdayjobs.com/DBWebsite/"
"Dimensional Fund Advisors","139","Careers | Dimensional","https://careers.dimensional.com/"
"Dimensional Fund Advisors","127","Working at Dimensional | Dimensional - careers . dimensional .com","https://careers.dimensional.com/working-at-dimensional"
"Dimensional Fund Advisors","106","Search for Jobs - myworkdayjobs.com","https://dimensional.wd5.myworkdayjobs.com/DFA_Careers"
"Edward Jones","49","Current Openings | Edward Jones Careers","https://careers.edwardjones.com/job-search-results/?location=United%20States&country=US&radius=25&units=km"
"Edward Jones","49","There’s power in partnership | Careers at Edward Jones","https://careers.edwardjones.com/?codes=DIRECT"
"Edward Jones","49","Search Jobs at Edward Jones Careers","http://jobs.brassring.com/TGWebHost/home.aspx?partnerid=26235&siteid=5374"
"Edward Jones","49","Job Search | Edward Jones Careers - brassring.com","https://sjobs.brassring.com/TGnewUI/Search/Home/HomeWithPreLoad?partnerid=26235&siteid=5374&PageType=searchResults&SearchType=linkquery&LinkID=480"
"Equinor","172","Equinor Careers","https://equinor.wd3.myworkdayjobs.com/EQNR"
"Equinor","172","Equinor Careers","https://equinor.wd3.myworkdayjobs.com/en-US/EQNR/job/Trader_JR104089"
"Equinor","142","Exciting career opportunities in Equinor - Equinor","https://www.equinor.com/careers"
"Equinor","102","Experienced professionals - Equinor","https://www.equinor.com/careers/professionals"
"ExodusPoint","82","Jobs at ExodusPoint - Greenhouse Software","https://job-boards.greenhouse.io/exoduspoint"
"FIS","82","Search for Jobs - Logo","https://fis.wd5.myworkdayjobs.com/SearchJobs"
"FactSet","82","Search for Jobs - factset .wd108.myworkdayjobs.com","https://factset.wd108.myworkdayjobs.com/FactSetCareers"
"FactSet","57","factset .wd108.myworkdayjobs.com","https://factset.wd108.myworkdayjobs.com/en-US/FactSetCareers/job/Implementation-Specialist_R29371"
"Fidelity Investments","127","Find a meaningful career at Fidelity | Fidelity Careers","https://jobs.fidelity.com/"
"Fidelity Investments","127","Search Jobs - Find the right match for your skills and location ...","https://jobs.fidelity.com/en/jobs/"
"Fidelity Investments","127","Search Jobs - Find the right match for your skills and location ...","https://jobs.fidelity.com/in/jobs/"
"Fidelity Investments","97","Fidelity Careers","https://fil.wd3.myworkdayjobs.com/001"
"Fifth Third Bank","94","Search for Jobs - myworkdayjobs.com","https://fifththird.wd5.myworkdayjobs.com/53careers"
"Fifth Third Bank","69","fifththird.wd5.myworkdayjobs.com","https://fifththird.wd5.myworkdayjobs.com/en-US/53careers/job/Personal-Banker-Associate-I---Jacksonville-Area_R59861"
"Fifth Third Bank","64","Early Career Opportunities | Fifth Third Bank","https://www.53.com/content/fifth-third/en/careers/early-careers.html"
"Fifth Third Bank","49","Careers at Fifth Third Bank","https://www.53.com/content/fifth-third/en/careers.html"
"Fiserv","127","Careers at Fiserv","https://careers.fiserv.com/"
"Fiserv","127","Jobs at Fiserv","https://careers.fiserv.com/us/en/search-results"
"Fiserv","82","Search for Jobs - myworkdayjobs.com","https://fiserv.wd5.myworkdayjobs.com/EXT/"
"Fiserv","82","Search for Jobs - fiserv .wd5.myworkdayjobs.com","https://fiserv.wd5.myworkdayjobs.com/EXT/4/refreshFacet/318c8bb6f553100021d223d9780d30be"
"Five Rings","94","Jobs at Five Rings LLC - Careers - Greenhouse Software","https://job-boards.greenhouse.io/fiveringsllc"
"Five Rings","94","Jobs at Five Rings LLC - Careers","https://job-boards.greenhouse.io/fiveringsllc/jobs/4806713008"
"Five Rings","49","Financial Planner Careers - Five Rings Financial","https://fiveringsfinancial.com/join-our-team/"
"Franklin Templeton","94","Search for Jobs - myworkdayjobs.com","https://franklintempleton.wd5.myworkdayjobs.com/Primary-External-1"
"Franklin Templeton","94","Search for Jobs - myworkdayjobs.com","https://franklintempleton.wd5.myworkdayjobs.com/Jobs-WAM/"
"Franklin Templeton","69","Join our Talent Network - myworkdayjobs.com","https://franklintempleton.wd5.myworkdayjobs.com/en-US/Primary-External-1/introduceYourself"
"Franklin Templeton","49","Careers at Franklin Templeton","https://www.franklintempletoncareers.com/"
"Global Payments","82","Careers : Global Payments &amp; Our Family of Brands","https://tsys.wd1.myworkdayjobs.com/TSYS"
"Global Payments","82","Careers : Global Payments & Our Family of Brands","https://tsys.wd1.myworkdayjobs.com/TSYS/27/refreshFacet/318c8bb6f553100021d223d9780d30be"
"Goldman Sachs","154","Goldman Sachs Careers","https://www.goldmansachs.com/careers/"
"Goldman Sachs","139","Careers | Goldman Sachs","https://higher.gs.com/roles/148155"
"Goldman Sachs","139","Careers | Goldman Sachs","https://higher.gs.com/roles/147818"
"Goldman Sachs","129","Programs and Internships - Goldman Sachs","https://www.goldmansachs.com/careers/students/programs-and-internships"
"Guardian Life","82","Search for Jobs - myworkdayjobs.com","https://guardianlife.wd5.myworkdayjobs.com/Guardian-Life-Careers"
"Hudson River Trading","139","Careers | Hudson River Trading","https://www.hudsonrivertrading.com/careers/"
"Hudson River Trading","114","Hudson River Trading","https://www.hudsonrivertrading.com/careers/job/"
"Hudson River Trading","49","Jobs at Hudson River Trading : Explore current Opportunities","https://wellfound.com/company/hudson-river-trading-1/jobs"
"Hudson River Trading","49","Hudson River Trading Careers - Search 54 Jobs at Hudson River Trading","https://meterwork.com/employer/hudson-river-trading_Uvsts"
"Huntington Bank","82","Search for Jobs - myworkdayjobs.com","https://huntington.wd12.myworkdayjobs.com/HNBcareers"
"IMC Trading","57","Current openings at IMC","https://job-boards.greenhouse.io/imc/jobs/4597351101"
"IMC Trading","52","Careers US | IMC Trading","https://www.imc.com/us/careers/"
"IMC Trading","52","Careers APAC | IMC Trading","https://www.imc.com/ap/careers/"
"Interactive Brokers","49","Interactive Brokers Careers and Job Openings | Interactive Brokers …","https://www.interactivebrokers.com/en/general/about/careers-splash.php"
"Interactive Brokers","49","Interactive Brokers Careers and Job Openings","https://investors.interactivebrokers.com/en/index.php?f=27520"
"Interactive Brokers","49","Interactive Brokers Careers and Job Openings | Interactive Brokers …","https://brokerage.ibkr.com/en/general/about/careers-splash.php"
"Interactive Brokers","49","Interactive Brokers Careers and Job Openings | Interactive Brokers …","https://www.interactivebrokers.co.uk/en/general/about/careers-splash.php"
"Intercontinental Exchange","114","Intercontinental Exchange Holdings, Inc.","https://careers.ice.com/"
"Intercontinental Exchange","75","Careers at ICE","https://www.ice.com/careers"
"Intercontinental Exchange","49","intercontinental exchange jobs in jacksonville, fl - SimplyHired","https://www.simplyhired.com/search?q=intercontinental%2520exchange&l=jacksonville%252c%2520fl"
"Invesco","82","Search for Jobs - myworkdayjobs.com","https://invesco.wd1.myworkdayjobs.com/IVZ"
"Invesco","57","Division Associate - myworkdayjobs.com","https://invesco.wd1.myworkdayjobs.com/en-US/IVZ/job/Division-Associate_R-5554"
"J.P. Morgan","127","Private Bank Careers | J.P . Morgan Private Bank U.S.","https://privatebank.jpmorgan.com/nam/en/about-us/private-bank-careers"
"J.P. Morgan","102","J.P . Morgan | Official Website","https://www.jpmorgan.com/"
"J.P. Morgan","52","Explore Opportunities | JPMorganChase","https://www.jpmorganchase.com/careers/explore-opportunities"
"Jane Street","114","Open Roles :: Jane Street","https://www.janestreet.com/join-jane-street/open-roles/"
"Jane Street","114","Overview :: Jane Street","https://www.janestreet.com/join-jane-street/overview/"
"Jane Street","114","Quantitative Trader :: Jane Street","https://www.janestreet.com/join-jane-street/apply/8092062002/"
"Jane Street","94","Jobs at Jane Street - job-boards.greenhouse.io","https://job-boards.greenhouse.io/janestreet/jobs/7967227002"
"Janus Henderson","49","Careers - Janus Henderson Investors - Global Corporate","https://www.janushenderson.com/corporate/careers/"
"Janus Henderson","49","jobs .janushenderson.com","https://jobs.janushenderson.com/"
"Janus Henderson","49","Careers – Janus Henderson","https://www.jhetf.com/careers/"
"Janus Henderson","49","Janus Henderson Investors Careers & Jobs - Wall Street Careers","https://www.wallstreetcareers.com/companies/janus-henderson-investors-3642739"
"KeyBank","82","Search for Jobs - myworkdayjobs.com","https://keybank.wd5.myworkdayjobs.com/External_Career_Site"
"KeyBank","82","Key Careers","https://keybank.wd5.myworkdayjobs.com/External_Career_Site/5/refreshFacet/318c8bb6f553100021d223d9780d30be"
"KeyBank","82","Search for Jobs - myworkdayjobs.com","https://keybank.wd5.myworkdayjobs.com/Scout"
"LPL Financial","82","Search for Jobs - myworkdayjobs.com","https://lplfinancial.wd1.myworkdayjobs.com/External/"
"Lazard Asset Management","97","Lazard Campus Application Centre - Lazard Careers","https://lazard-careers.tal.net/candidate"
"Liberty Mutual","94","Liberty Mutual | Careers Center | Welcome","https://careers-libertymutual.icims.com/jobs/intro?mobile=true&width=1024&height=1115&bga=true&needsRedirect=false&jan1offset=-480&jun1offset=-420"
"Liberty Mutual","64","Internships - Liberty Mutual Careers","https://jobs.libertymutualgroup.com/careers/campus/internships/"
"Liberty Mutual","64","Early Careers Programmes | Careers | Liberty Mutual Reinsurance ...","https://www.libertymutualre.com/careers/early-careers-programme"
"Liberty Mutual","64","Liberty Mutual Implements Skills-Based Hiring Approach Creating Career …","https://www.naceweb.org/talent-acquisition/internships/liberty-mutual-implements-skills-based-hiring-approach-creating-career-paths-for-interns"
"Lincoln Financial","52","Jobs at Lincoln Financial","https://jobs.lincolnfinancial.com/"
"M&T Bank","85","Search for Jobs - myworkdayjobs.com","https://mtb.wd5.myworkdayjobs.com/Campus/"
"M&T Bank","70","Search for Jobs - Logo","https://mtb.wd5.myworkdayjobs.com/MTB"
"Macquarie","82","Careers at Macquarie","https://mq.wd3.myworkdayjobs.com/CareersatMQ"
"Man Group","82","Search for Jobs - myworkdayjobs.com","https://mangroupplc.wd3.myworkdayjobs.com/Man_Group_Careers"
"Man Group","82","Jobs at Man Group","https://job-boards.eu.greenhouse.io/mangroup"
"Man Group","52","Careers | Man Group","https://www.man.com/careers"
"Markel","97","Markel Early Careers Talent Network - Post Graduate","https://markelcorp.wd5.myworkdayjobs.com/en-US/GlobalCareers/job/Markel-Early-Careers-Talent-Network---Post-Graduate_R0021253"
"Markel","97","Markel Early Careers Talent Network – Internship","https://markelcorp.wd5.myworkdayjobs.com/en-US/GlobalCareers/job/Markel-Early-Careers-Talent-Network---Internship_R0021252-1"
"Markel","82","Search for Jobs - myworkdayjobs.com","https://markelcorp.wd5.myworkdayjobs.com/GlobalCareers"
"Markel","82","Search for Jobs","https://markelcorp.wd5.myworkdayjobs.com/GlobalCareers/0/refreshFacet/318c8bb6f553100021d223d9780d30be"
"Marshall Wace","94","Jobs at Marshall Wace - Graduate & Associate roles","https://job-boards.greenhouse.io/mw-tech-grad"
"Marshall Wace","49","Join Us - Marshall Wace","https://www.mwam.com/join-us/"
"Marshall Wace","49","Join Us – Marshall Wace","https://us.mwam.com/join-us/"
"Marshall Wace","49","How to Get a Job at Marshall Wace LLP - Complete Career Guide","https://www.eujobs.co/career-guides/marshall-wace-llp-career-guide"
"MassMutual","82","Search for Jobs - massmutual .wd1.myworkdayjobs.com","https://massmutual.wd1.myworkdayjobs.com/MMINDCareersite/"
"MassMutual","82","Search for Jobs - myworkdayjobs.com","https://massmutual.wd1.myworkdayjobs.com/MMAscendCareers"
"Mastercard","142","Entry Level Jobs for Students at Mastercard","https://careers.mastercard.com/us/en/student-fulltime-jobs"
"Mastercard","127","Jobs at Mastercard","https://careers.mastercard.com/"
"Mastercard","127","Apply Today | Mastercard jobs","https://careers.mastercard.com/us/en/apply"
"Mastercard","127","Job Openings & Careers in St. Louis - Mastercard","https://careers.mastercard.com/us/en/st-louis-missouri"
"MetLife","102","Our People - MetLife","https://www.metlife.com/about-us/our-purpose/our-people/"
"Millennium","70","Search for Jobs - myworkdayjobs.com","https://mlp.wd5.myworkdayjobs.com/mlpcareers"
"Morgan Stanley","154","Careers and Internships: Students & Graduates | Morgan Stanley","https://www.morganstanley.com/people-opportunities/students-graduates"
"Morgan Stanley","139","Career Opportunities Search | Morgan Stanley","https://www.morganstanley.com/careers/career-opportunities-search/"
"Morgan Stanley","139","Careers in Finance and Investment Banking | Morgan Stanley","https://www.morganstanley.com/people"
"Morgan Stanley","94","Careers at Morgan Stanley","https://morganstanley.eightfold.ai/careers?source=mscom"
"Morningstar","82","Search for Jobs - Logo","https://morningstar.wd5.myworkdayjobs.com/Americas/"
"Morningstar","82","Search for Jobs - myworkdayjobs.com","https://morningstar.wd5.myworkdayjobs.com/MorningstarDBRS"
"Nasdaq","127","Careers - Nasdaq","https://www.nasdaq.com/about/careers"
"Nasdaq","127","Careers - Nasdaq","https://www.nasdaq.com/topic/careers"
"Nasdaq","82","Search for Jobs - myworkdayjobs.com","https://nasdaq.wd1.myworkdayjobs.com/Global_External_Site"
"Nationwide","82","Nationwide Careers","https://nationwide.wd1.myworkdayjobs.com/Nationwide_Career"
"Nationwide","82","Nationwide Careers","https://nationwide.wd1.myworkdayjobs.com/en-US/Nationwide_Career/job/Specialist-Technology-Engineer_92925-1"
"Neuberger Berman","82","Search for Jobs - myworkdayjobs.com","https://nb.wd1.myworkdayjobs.com/NBCareers"
"Neuberger Berman","82","Search for Jobs - myworkdayjobs.com","https://nb.wd1.myworkdayjobs.com/PWM"
"New York Life","139","Careers - Make a difference. Every Single Day. | New York Life","https://www.newyorklife.com/careers"
"New York Life","139","New York Life jobs in US","https://careers.newyorklife.com/careers?location=US&pid=30259698&domain=newyorklife.com&sort_by=relevance"
"New York Life","49","Jobs | New York Life","https://newyorklife.hireology.careers/"
"New York Life","49","Career Opportunity - New York Life","https://www.nylfinancialprofessionalcareer.com/"
"Northwestern Mutual","69","Northwestern Mutual","https://northwesternmutual.wd5.myworkdayjobs.com/CORPORATE-CAREERS"
"Northwestern Mutual","69","Life Underwriting Sr Specialist - Remote","https://northwesternmutual.wd5.myworkdayjobs.com/en-US/CORPORATE-CAREERS/job/Life-Underwriting-Sr-Specialist---Remote_JR-41890"
"Northwestern Mutual","49","Northwestern Mutual Careers","https://careers.northwesternmutual.com/"
"Northwestern Mutual","49","Open Roles at NM | Northwestern Mutual Careers","https://careers.northwesternmutual.com/corporate-careers/"
"Oaktree Capital Management","82","Search for Jobs - myworkdayjobs.com","https://oaktree.wd1.myworkdayjobs.com/Oaktree"
"Optiver","127","Jobs in Trading, Quant & Tech | Optiver","https://optiver.com/working-at-optiver/career-opportunities/"
"Optiver","127","Join Us: Trading, Research & Tech Careers | Optiver","https://optiver.com/working-at-optiver/"
"Optiver","127","Optiver | Technology and Research-Driven Trading Firm & Careers","https://optiver.com/"
"Optiver","117","Global FutureFocus Program | Optiver","https://optiver.com/join-us/students/programs/futurefocus/"
"PDT Partners","82","Jobs at PDT Partners - job-boards.greenhouse.io","https://job-boards.greenhouse.io/pdtpartners?error=true"
"PDT Partners","57","Job Application for Software Engineer at PDT Partners","https://job-boards.greenhouse.io/pdtpartners/jobs/3914106"
"PGIM","127","Home | PGIM Careers","https://jobs.pgim.com/"
"PGIM","127","Careers - pgim .com","https://www.pgim.com/us/en/institutional/about/careers"
"PGIM","82","Search for Jobs - myworkdayjobs.com","https://pru.wd5.myworkdayjobs.com/PGIM_Careers"
"PGIM","70","Search for Jobs - myworkdayjobs.com","https://pru.wd5.myworkdayjobs.com/Careers"
"PIMCO","127","Careers | PIMCO","https://www.pimco.com/us/en/about-us/careers"
"PIMCO","127","Careers - Professionals | PIMCO","https://www.pimco.com/us/en/about-us/careers/professionals"
"Pacific Life","82","Search for Jobs - myworkdayjobs.com","https://pacificlife.wd1.myworkdayjobs.com/PacificLifeCareers"
"Pacific Life","82","Careers at Pacific Life Re","https://pacificlife.wd1.myworkdayjobs.com/PacificLifeReCareers"
"PayPal","82","Search for Jobs - myworkdayjobs.com","https://paypal.wd1.myworkdayjobs.com/jobs"
"PayPal","82","Search for Jobs","https://paypal.wd1.myworkdayjobs.com/jobs/2/refreshFacet/318c8bb6f553100021d223d9780d30be"
"Plaid","82","Plaid Jobs","https://jobs.ashbyhq.com/plaid"
"Ramp","82","Ramp Jobs - ashbyhq.com","https://jobs.ashbyhq.com/ramp/"
"Raymond James","94","Search for Jobs","https://raymondjames.wd1.myworkdayjobs.com/RaymondJamesCareers"
"Raymond James","94","Search for Jobs","https://raymondjames.wd1.myworkdayjobs.com/RaymondJamesEarlyCareers/"
"Raymond James","64","Full-time opportunities | Raymond James","https://www.raymondjames.com/careers/students-and-recent-grads/full-time-opportunities"
"Raymond James","49","Careers | Raymond James","https://www.raymondjames.com/careers/"
"S&P Global","75","Careers | S&P Global","https://www.spglobal.com/en/explore-s-p-global/careers"
"S&P Global","75","Careers | S&P Global","https://www.spglobal.com/en/privacy/careers"
"S&P Global","75","Careers at S&P Global Energy","https://www.spglobal.com/energy/en/overview/careers"
"S&P Global","70","Search for Jobs - myworkdayjobs.com","https://spgi.wd5.myworkdayjobs.com/SPGI_Careers"
"Schonfeld","82","Jobs at Schonfeld","https://job-boards.greenhouse.io/schonfeld?error=true"
"Schonfeld","52","Careers - Schonfeld Strategic Advisors","https://www.schonfeld.com/careers/"
"Shell","172","Search for Jobs - Yellow shell shape with a thick red outline","https://shell.wd3.myworkdayjobs.com/ShellCareers"
"Shell","127","Careers at Shell - Shell Global","https://www.shell.com/careers.html"
"Shell","102","About Working at Shell","https://www.shell.com/careers/about-careers-at-shell.html"
"Shell","52","Careers at Shell","https://www.shell.ca/en_ca/careers.html"
"SoFi","52","Careers Teams - Operations | SoFi","https://www.sofi.com/careers/teams/operations/?msockid=3034601ea79b6f2f27b5778ea64e6ef7"
"State Farm","154","Discover a Job Leading to Your Next Career - State Farm &#174;","https://www.statefarm.com/careers"
"State Farm","139","State Farm Careers","https://jobs.statefarm.com/"
"State Farm","139","State Farm Careers","https://jobs.statefarm.com/main/jobs"
"State Farm","139","Job Categories | State Farm Careers","https://jobs.statefarm.com/career-areas"
"State Street","154","Early Careers - State Street","https://careers.statestreet.com/global/en/state-street-early-careers"
"State Street","139","Careers at State Street | State Street jobs","https://careers.statestreet.com/"
"State Street","114","Search results | Find the available job openings at State Street","https://careers.statestreet.com/global/en/search-results"
"State Street","94","Search for Jobs - myworkdayjobs.com","https://statestreet.wd1.myworkdayjobs.com/Global"
"Susquehanna International Group","127","Susquehanna International Group , LLP Careers","https://careers.sig.com/"
"Susquehanna International Group","127","Careers at Susquehanna | Susquehanna - Susquehanna International Group","https://sig.com/careers/"
"Susquehanna International Group","52","Susquehanna International Group , LLP (SIG) – Jobs – Harvard FAS ...","https://careerservices.fas.harvard.edu/companies/susquehanna-international-group-llp-sig/jobs/"
"Susquehanna International Group","45","iCIMS","https://careers-sig.icims.com/jobs/intro?mobile=true&needsRedirect=false"
"Synchrony","82","Search for Jobs - myworkdayjobs.com","https://synchronyfinancial.wd5.myworkdayjobs.com/careers"
"Synchrony","82","Search for Jobs - myworkdayjobs.com","https://synchronyfinancial.wd5.myworkdayjobs.com/University"
"T. Rowe Price","94","Search for Jobs - myworkdayjobs.com","https://troweprice.wd5.myworkdayjobs.com/TRowePrice/"
"T. Rowe Price","94","Careers - myworkdayjobs.com","https://troweprice.wd5.myworkdayjobs.com/en-US/TRowePrice/job/Associate-Analyst---T-Rowe-Price-Associates_68533"
"T. Rowe Price","49","Careers - T. Rowe Price","https://www.troweprice.com/en/us/careers"
"T. Rowe Price","49","Careers at T. Rowe Price","https://troweprice.gr8people.com/"
"TPG","82","Jobs at TPG Careers Page","https://job-boards.greenhouse.io/tpgcareers"
"The Hartford","94","Search for Jobs - myworkdayjobs.com","https://thehartford.wd5.myworkdayjobs.com/Careers_External"
"The Hartford","64","Internships and Early Career Programs | Careers | The Hartford","https://www.thehartford.com/careers/early-career"
"The Hartford","49","Search Jobs | Careers | The Hartford","https://www.thehartford.com/careers"
"The Hartford","49","Jobs | The Hartford Careers","https://www.jointhehartford.com/jobs/"
"Thoma Bravo","49","Thoma Bravo Careers & Jobs - Wall Street Careers","https://www.wallstreetcareers.com/companies/thoma-bravo-3431118"
"Thoma Bravo","49","Why Thoma Bravo : Interviews, Careers , & Portfolio","https://growthequityinterviewguide.com/firms/thoma-bravo"
"Travelers","82","Search for Jobs - myworkdayjobs.com","https://travelers.wd5.myworkdayjobs.com/External"
"Travelers","57","travelers .wd5.myworkdayjobs.com","https://travelers.wd5.myworkdayjobs.com/en-US/External/job/Claim-Operations-Specialist_R-43543"
"Truist","82","Truist Careers","https://truist.wd1.myworkdayjobs.com/Careers"
"Truist","82","Search for Jobs - Logo","https://truist.wd1.myworkdayjobs.com/LDP"
"Two Sigma","64","Two Sigma - Find Jobs - Careers","https://careers.twosigma.com/"
"Two Sigma","49","Two Sigma - Careers","https://www.twosigma.com/careers/"
"Two Sigma","49","Two Sigma Careers & Jobs - Wall Street Careers","https://www.wallstreetcareers.com/companies/two-sigma-3073705"
"Two Sigma","49","Two Sigma jobs - Wall Street Careers","https://www.wallstreetcareers.com/jobs?employer_id=3073705"
"U.S. Bank","115","Careers at U.S . Bank | Find a Career","https://careers.usbank.com/"
"U.S. Bank","115","Banking careers | Discover your potential | U.S . Bank","https://careers.usbank.com/global/en/c/branch-banking-jobs"
"U.S. Bank","70","Search for Jobs - myworkdayjobs.com","https://usbank.wd1.myworkdayjobs.com/US_Bank_Careers"
"UBS","142","Early careers | UBS Global","https://www.ubs.com/global/en/careers/early-careers.html"
"UBS","142","Early careers FAQ | UBS Global","https://www.ubs.com/global/en/careers/early-careers/faq.html"
"UBS","127","Careers | UBS Global","https://www.ubs.com/global/en/careers.html"
"UBS","127","Search jobs | UBS Global","https://www.ubs.com/global/en/careers/search-jobs.html"
"Vanguard","127","Explore opportunities to join our mission | Vanguard careers","https://www.vanguardjobs.com/"
"Vanguard","127","Apply for a job | Vanguard careers","https://www.vanguardjobs.com/job-search-results/"
"Vanguard","127","Profile - Vanguard Careers","https://www.vanguardjobs.com/profile/applications/"
"Vanguard","82","Search for Jobs - myworkdayjobs.com","https://vanguard.wd5.myworkdayjobs.com/vanguard_external"
"Visa","127","Visa careers : Progress starts with you","https://corporate.visa.com/en/careers.html"
"Visa","127","Visa U.S. Careers","https://www.visa.com/en-us/careers"
"Visa","82","Search for Jobs - Visa","https://visa.wd5.myworkdayjobs.com/Visa"
"Visa","82","Careers at Visa","https://careers.smartrecruiters.com/Visa"
"Vista Equity Partners","94","Careers – Vista Equity Partners - iCIMS","https://careers2-vistaequitypartners.icims.com/jobs/intro"
"Vista Equity Partners","49","Careers - Vista Equity Partners","https://www.vistaequitypartners.com/careers/"
"Vista Equity Partners","49","Jobs | Vista Equity Partners Job Board","https://vistaequitypartners.getro.com/jobs"
"Voleon Group","82","The Voleon Group Jobs","https://jobs.ashbyhq.com/voleon"
"Voleon Group","82","The Voleon Group jobs - Lever","https://jobs.lever.co/voleon/"
"Warburg Pincus","94","Jobs at Warburg Pincus LLC - job -boards.greenhouse.io","https://job-boards.greenhouse.io/warburgpincusllc/jobs/4922162008"
"Warburg Pincus","49","Careers - Warburg Pincus","https://warburgpincus.com/careers/"
"Warburg Pincus","49","Warburg Pincus Careers & Jobs - Wall Street Careers","https://www.wallstreetcareers.com/companies/warburg-pincus-3264500"
"Wellington Management","142","Careers | Wellington Management","https://www.wellington.com/en/about-us/careers"
"Wellington Management","142","Careers | Wellington US Institutional","https://www.wellington.com/en-us/institutional/about-wellington/careers"
"Wellington Management","142","Careers | Wellington Management","https://www.wellington.com/en/careers"
"Wellington Management","82","Search for Jobs - Logo","https://wellington.wd5.myworkdayjobs.com/External"
"Wells Fargo","154","Careers | Wells Fargo Corporate & Investment Banking","https://www.wellsfargo.com/cib/careers/"
"Wells Fargo","139","Careers - Wells Fargo","https://www.wellsfargo.com/about/careers/"
"Wells Fargo","139","Careers | Wells Fargo Commercial Bank","https://www.wellsfargo.com/com/careers/"
"Wells Fargo","94","Search for Jobs - myworkdayjobs.com","https://wf.wd1.myworkdayjobs.com/wellsfargojobs/"
"William Blair","64","Careers | William Blair","http://www.uwblair.org/careers.html"
"William Blair","49","Careers | William Blair","https://www.williamblair.com/Careers.aspx"
"William Blair","49","William Blair Careers & Jobs - Wall Street Careers","https://www.wallstreetcareers.com/companies/william-blair-3498123"
"William Blair","49","William Blair jobs - Wall Street Careers","https://www.wallstreetcareers.com/jobs?employer_id=3498123"
"WorldQuant","82","Jobs at WorldQuant - Greenhouse Software","https://job-boards.greenhouse.io/worldquant"
"WorldQuant","82","Jobs at WorldQuant","https://job-boards.greenhouse.io/worldquant?error=true"
