"Company","Title","Location","URL","Source","Status","Notes"
"AQR Capital Management","2027 Engineering Summer Analyst","Greenwich, CT","https://www.dice.com/job-detail/11fc0876-bd30-4755-add9-f93c4c21522f","Web-discovered posting/lead","Aggregator/web lead; verify on official site","AQR enterprise engineering summer analyst lead; verify on AQR careers for the exact team and application form."
"Aquatic Capital","Software Engineer, Intern (Summer 2027)","Chicago","https://job-boards.greenhouse.io/aquaticcapitalmanagement/jobs/8489233002","Career page Greenhouse:aquaticcapitalmanagement","Confirmed official posting","career_page=https://job-boards.greenhouse.io/aquaticcapitalmanagement | company_wrapper=https://job-boards.greenhouse.io/job?gh_jid=8489233002 | internship timing: Summer 2027; graduation eligibility mentions: 2027, 2028 | Aquatic was founded with a shared passion for tackling some of the most complex challenges in one of the world’s most competitive arenas—global financial markets. From the very beginning, we have been driven by a deep commitment to applying cutting-edge scientific research and technological innovation to deliver unparalleled performance. Our journey is one of continuous growth and exploration, marked by a spirit of curiosity and relentless drive for excellence. As a Software Engineering Intern at Aquatic, you will join a fast-moving team building high-performance, distributed systems that power our research and trading infrastructure. You’ll work closely with experienc..."
"Arrowstreet","Quantitative Developer Intern, Summer 2027","Boston","https://arrowstreetcapital.wd5.myworkdayjobs.com/Campus_Careers/job/Boston/Quantitative-Developer-Intern--Summer-2027_R1506","Career page Workday:arrowstreetcapital/Campus_Careers","Confirmed official posting","career_page=https://arrowstreetcapital.wd5.myworkdayjobs.com/Campus_Careers | Posted 24 Days Ago | R1506"
"Cubist","Software Engineer Intern (Summer 2027 - Chicago)","","https://optiver.com/join-us/jobs/technology/chicago/software-engineer-intern-summer-2027-chicago/","Web-discovered lead","Aggregator/web lead; verify on official site","As a Software Engineer Intern, you’ll work side-by-side with your mentor and teammates to build real-world applications that power a global trading firm. Your projects will be s"
"DRW","FPGA Intern","London","https://job-boards.greenhouse.io/drweng/jobs/8070392","Career page Greenhouse:drweng","Confirmed official posting","career_page=https://www.drw.com/work-at-drw | company_wrapper=https://www.drw.com/job?gh_jid=8070392 | internship timing not stated in title; graduation eligibility mentions: 2027, 2028 | Our formula for success is to hire exceptional people, encourage their ideas and reward their results. As a n FPGA Intern , you will build advanced trading applications leveraging cutting-edge technology. DRW enables our FPGA Interns to develop a real-world trading centric FPGA application under the guidance of senior technologists with the goal of deployment during your ten weeks. While your days will have you immersed in complex projects directly driving DRW’s progress, your evenings will be spent exploring the city with organized social events to truly discover what it is like to live and work in London. How you will make an impact… Design, develop, test, and deploy proprietary FPGA solutions . Examp..."
"DRW","FPGA Intern","Chicago","https://job-boards.greenhouse.io/drweng/jobs/8038923","Career page Greenhouse:drweng","Confirmed official posting","career_page=https://www.drw.com/work-at-drw | company_wrapper=https://www.drw.com/job?gh_jid=8038923 | internship timing not stated in title; graduation eligibility mentions: 2027, 2028 | Our formula for success is to hire exceptional people, encourage their ideas and reward their results. As a n FPGA Intern , you will build advanced trading applications leveraging cutting-edge technology. DRW enables our FPGA Interns to develop a real-world trading centric FPGA application under the guidance of senior technologists with the goal of deployment during your ten weeks. While your days will have you immersed in complex projects directly driving DRW’s progress, your evenings will be spent exploring the city with organized social events to truly discover what it is like to live and work in Chicago. How you will make an impact… Design, develop, test, and deploy proprietary FPGA solutions . Exam..."
"DRW","Platform Engineer Intern","Chicago","https://job-boards.greenhouse.io/drweng/jobs/7997729","Career page Greenhouse:drweng","Confirmed official posting","career_page=https://www.drw.com/work-at-drw | company_wrapper=https://www.drw.com/job?gh_jid=7997729 | internship timing not stated in title; graduation eligibility mentions: 2027, 2028 | Our formula for success is to hire exceptional people, encourage their ideas and reward their results. As a Platform Engineer Intern , you will be part of our advanced technology team focused on maintaining and improving the reliability and efficiency of our platform, including underlying systems at DRW. The platform engineer intern will work under the guidance of senior technologists to ensure our systems are highly reliable and scalable during your ten weeks. While your days will have you immersed in complex projects directly driving DRW’s progress, your evenings will be spent exploring the city with organized social events to truly discover what it is like to live and work in Chicago. How you will ma..."
"DRW","Quantitative Developer Intern (Python)","Singapore","https://job-boards.greenhouse.io/drweng/jobs/7981754","Career page Greenhouse:drweng","Confirmed official posting","career_page=https://www.drw.com/work-at-drw | company_wrapper=https://www.drw.com/job?gh_jid=7981754 | internship timing not stated in title; graduation eligibility mentions: 2027, 2028 | DRW is a technology-driven, diversified principal trading firm. We trade our own capital at our own risk, across a broad range of asset classes, instruments and strategies, in financial markets around the world. As the markets have evolved over the past 25 years, so has DRW – maximizing opportunities to include real estate, cryptoassets and venture capital. With over 1,000 employees at our Chicago headquarters and offices around the world, we work together to solve complex problems, challenge consensus and deliver meaningful results. It’s a place of high expectations, deep curiosity and thoughtful collaboration. As a Quantitative Developer Intern , you will implement software solutions that use advanced..."
"DRW","Software Developer Intern","Montreal","https://job-boards.greenhouse.io/drweng/jobs/7991196","Career page Greenhouse:drweng","Confirmed official posting","career_page=https://www.drw.com/work-at-drw | company_wrapper=https://www.drw.com/job?gh_jid=7991196 | internship timing not stated in title; graduation eligibility mentions: 2027, 2028 | Our formula for success is to hire exceptional people, encourage their ideas and reward their results. As a Software Developer Intern , you will join one of our development teams supporting our network development initiatives or trading businesses. Depending on the team you join, you will build advanced trading, analysis and risk applications, or advanced monitoring and automation systems leveraging cutting-edge technology. DRW enables our Software Developer Interns to develop computationally intensive software under the guidance of senior technologists with the goal of deployment during your internship. While your days will have you immersed in complex projects directly driving DRW's progress, your tim..."
"DRW","Software Developer Intern","London","https://job-boards.greenhouse.io/drweng/jobs/7942281","Career page Greenhouse:drweng","Confirmed official posting","career_page=https://www.drw.com/work-at-drw | company_wrapper=https://www.drw.com/job?gh_jid=7942281 | internship timing not stated in title; graduation eligibility mentions: 2027, 2028 | Our formula for success is to hire exceptional people, encourage their ideas and reward their results. As a Software Developer Intern , you will build advanced trading and risk applications leveraging cutting-edge technology. DRW enables our Software Developer Interns to develop computationally intensive software under the guidance of senior technologists with the goal of deployment during your ten weeks. While your days will have you immersed in complex projects directly driving DRW’s progress, your evenings will be spent exploring the city with organised social events to truly discover what it is like to live and work in London. How you will make an impact… Design, develop, test, and deploy proprietar..."
"DRW","Software Developer Intern","Amsterdam","https://job-boards.greenhouse.io/drweng/jobs/8020364","Career page Greenhouse:drweng","Confirmed official posting","career_page=https://www.drw.com/work-at-drw | company_wrapper=https://www.drw.com/job?gh_jid=8020364 | internship timing not stated in title; graduation eligibility mentions: 2027, 2028 | Our formula for success is to hire exceptional people, encourage their ideas and reward their results. As a Software Developer Intern , you will build advanced trading and risk applications leveraging cutting-edge technology. DRW enables our Software Developer Interns to develop computationally intensive software under the guidance of senior technologists with the goal of deployment during your ten weeks. While your days will have you immersed in complex projects directly driving DRW’s progress, your evenings will be spent exploring the city with organized social events to truly discover what it is like to live and work in Amsterdam. How you will make an impact… Design, develop test, and deploy propriet..."
"DRW","Software Developer Intern","Chicago","https://job-boards.greenhouse.io/drweng/jobs/7992936","Career page Greenhouse:drweng","Confirmed official posting","career_page=https://www.drw.com/work-at-drw | company_wrapper=https://www.drw.com/job?gh_jid=7992936 | internship timing not stated in title; graduation eligibility mentions: 2027, 2028 | Our formula for success is to hire exceptional people, encourage their ideas and reward their results. As a Software Developer Intern , you will build advanced trading and risk applications leveraging cutting-edge technology. DRW enables our Software Developer Interns to develop computationally intensive software under the guidance of senior technologists with the goal of deployment during your ten weeks. While your days will have you immersed in complex projects directly driving DRW’s progress, your evenings will be spent exploring the city with organized social events to truly discover what it is like to live and work in Chicago. How you will make an impact… Design, develop, test, and deploy proprieta..."
"DRW","Software Developer Intern (C++)","Singapore","https://job-boards.greenhouse.io/drweng/jobs/8014910","Career page Greenhouse:drweng","Confirmed official posting","career_page=https://www.drw.com/work-at-drw | company_wrapper=https://www.drw.com/job?gh_jid=8014910 | internship timing not stated in title; graduation eligibility mentions: 2027, 2028 | Our formula for success is to hire exceptional people, encourage their ideas and reward their results. As a Software Developer Intern in our Singapore office, you will build advanced trading and risk applications leveraging cutting-edge technology. DRW enables our Software Developer Interns to develop computationally intensive software under the guidance of senior technologists with the goal of deployment during your internship. While your days will have you engrossed with complex quantitative trading projects, your evenings will be spent exploring the city with organized social events to truly discover what it’s like to live and work in Singapore. How you will make an impact… Design, develop test, and ..."
"Five Rings","Summer Intern 2027 - Software Developer","New York","https://job-boards.greenhouse.io/fiveringsllc/jobs/5349707008","Career page Greenhouse:fiveringsllc","Confirmed official posting","career_page=https://job-boards.greenhouse.io/fiveringsllc | company_wrapper=https://job-boards.greenhouse.io/job?gh_jid=5349707008 | internship timing: Summer | About Five Rings Five Rings is a proprietary trading firm founded with a vision of combining strategy, innovation and technology to succeed in today’s global markets. With offices in New York, Boca Raton, London and Amsterdam, Five Rings trades in various domestic and international markets, both established and esoteric. Our team constantly seeks new opportunities, analyzes their risks and rewards, and creates strategies and tools to capitalize on them. We have an open culture and encourage the flow of knowledge and ideas between all areas of the firm. Interviews will begin in September 2026. About the Program Five Rings offers an intensive summer internship program. The program includes immersion in both hands-on projects and cl..."
"IMC Trading","Hardware Engineer Intern","Amsterdam, Netherlands","https://job-boards.eu.greenhouse.io/imc/jobs/4927149101","Career page Greenhouse:imc","Confirmed official posting","career_page=https://job-boards.greenhouse.io/imc?error=true | company_wrapper=https://job-boards.greenhouse.io/job?gh_jid=4927149101 | internship timing not stated in title; graduation eligibility mentions: 2028 | Our internship programme in Amsterdam is your chance to experience life as an engineer at IMC. As a Hardware Engineer Intern, it’s about much more than just writing code: you’ll gain insight into IMC’s field-programmable gate array (FPGA) development process, get to know IMC’s unique business model and build valuable connections with our trading and technology teams. Throughout the internship, you will receive comprehensive support from dedicated internship trainers, and a one-on-one mentor to guide you in your work and professional development. You will benefit from a highly competitive compensation package, fully-furnished corporate accommodation, catered meals, and experienc..."
"IMC Trading","Machine Learning Research Intern - Summer 2027 - Amsterdam","Amsterdam, Netherlands","https://job-boards.eu.greenhouse.io/imc/jobs/4912874101","Career page Greenhouse:imc","Confirmed official posting","career_page=https://job-boards.greenhouse.io/imc?error=true | company_wrapper=https://job-boards.greenhouse.io/job?gh_jid=4912874101 | internship timing: Summer 2027; graduation eligibility mentions: 2028, 2027 | Our Machine Learning Internship is designed for curious, ambitious researchers who want to apply machine learning to complex, real-world problems. Over 10 weeks, you'll work alongside experienced researchers and mentors to develop models, analyze large-scale datasets, and contribute to research that informs IMC's trading strategies across global equities, futures, and options markets. You'll begin with a week of engaging, classroom-based learning in the proprietary trading landscape, then gain hands-on experience designing experiments, evaluating novel approaches, and tackling challenging problems in a collaborative, fast-paced environment where your work can have real-world imp..."
"IMC Trading","Software Engineer Intern","Amsterdam, Netherlands","https://job-boards.eu.greenhouse.io/imc/jobs/4667854101","Career page Greenhouse:imc","Confirmed official posting","career_page=https://job-boards.greenhouse.io/imc?error=true | company_wrapper=https://job-boards.greenhouse.io/job?gh_jid=4667854101 | internship timing not stated in title; graduation eligibility mentions: 2028, 2027 | Our summer internship programme in Amsterdam is your chance to experience life as an engineer at IMC. As a Software Engineer Intern, you will go beyond writing code and designing technology: you’ll gain insight into algorithm complexity and data structures, get to know IMC’s unique business model, and build valuable connections with our trading and technology teams. Throughout the summer, you will work on a relevant project while receiving comprehensive support from dedicated internship trainers, and a one-on-one mentor to guide you in your work and professional development. You will benefit from a highly competitive compensation package, fully-furnished corporate accommo..."
"PDT Partners","Summer 2027 Software Engineering Intern","New York, NY","https://job-boards.greenhouse.io/pdtpartners/jobs/8077685","Career page Greenhouse:pdtpartners","Confirmed official posting","career_page=https://job-boards.greenhouse.io/pdtpartners?error=true | company_wrapper=https://job-boards.greenhouse.io/job?gh_jid=8077685 | internship timing: Summer 2027; graduation eligibility mentions: 2027 | Eligibility: Current Bachelor's, Master's, or PhD students pursuing degrees in rigorous, highly technical fields (e.g., Computer Science, Computer Engineering) who are eligible for full-time roles starting in 2028 or 2029. Program Length: 10 Weeks (Early June – Mid August) Application Process: Please apply directly through this posting. Applications are reviewed and candidates will progress on a rolling basis. You can anticipate receiving feedback on your application within 3 weeks. PDT Partners – a quantitative investment manager - is seeking talented engineering students for Software Engineering focused internships. We are looking for interns who can add to a company that value..."
"PDT Partners","Summer 2027 Systems Engineering Intern","New York, NY","https://job-boards.greenhouse.io/pdtpartners/jobs/8083292","Career page Greenhouse:pdtpartners","Confirmed official posting","career_page=https://job-boards.greenhouse.io/pdtpartners?error=true | company_wrapper=https://job-boards.greenhouse.io/job?gh_jid=8083292 | internship timing: Summer 2027; graduation eligibility mentions: 2027 | Eligibility: Current Bachelor's, Master's, or PhD students pursuing degrees in rigorous, highly technical fields (e.g., Computer Science, Computer Engineering) who are eligible for full-time roles starting in 2028. Program Length: 10 Weeks (Early June – Mid August) Application Process: Please apply directly through this posting. Applications are reviewed, and candidates will progress to the first-round technical assessment on a rolling basis. You can anticipate receiving feedback on your application within 3 weeks. PDT Partners – a quantitative investment manager - is seeking talented students for internships focused on Infrastructure Engineering (Systems, Network, DevOps, Cloud,..."
"Ramp","Software Engineer Internship, Android","New York, NY (HQ)","https://jobs.ashbyhq.com/ramp/67fadb77-43d8-4449-954b-d4cf2c6d3b8b","Career page Ashby:ramp","Confirmed official posting","career_page=https://jobs.ashbyhq.com/ramp/ | internship timing not stated in title; graduation eligibility mentions: 2026, 2028 | About Ramp Ramp is building the smart infrastructure for finance teams, embedded in the transaction flow of every dollar a business spends. We automate how over $200B in annualized spend flows in and out of 70,000+ companies: authorizing payments, flagging risk, categorizing spend, and closing books. The problems are high-stakes, data-dense, and unforgiving. We hire people with high agency and high urgency. We look for slope over intercept. We care less about where you trained and more about what you’ve built. At Ramp, everyone is a builder who owns problems end to end and makes consequential decisions that shape the outcome. The median Ramp customer saves 5% and grows revenue 16% in their first year – far in excess of businesses operating without Ramp. We bel..."
"Wells Fargo","2027 Technology Program Intern @ Wells Fargo | AnitaB.org Job Board","","https://jobs.anitab.org/companies/wells-fargo/jobs/85405177-2027-technology-program-intern","Web-discovered lead","Aggregator/web lead; verify on official site","Jul 7, 2026 &#0183;&#32;Wells Fargo is seeking a Technology Program Intern for 2027 campus program. We believe in the power of working together because great ideas can come from anyone. Through …"
"Wells Fargo","2027 Technology Program Intern at Wells Fargo | HireDoor","","https://hiredoor.in/jobs/2027-technology-program-intern-2d5514","Web-discovered lead","Aggregator/web lead; verify on official site","The internship runs from May 2027 to August 2027 and includes classroom training, workshops, networking events, and hands-on experience working on technology initiatives while developing …"
"Wells Fargo","Wells Fargo Technology Program Internship 2027 | Apply Online","","https://nextgencareershub.in/wells-fargo-technology-program-internship-2027/","Web-discovered lead","Aggregator/web lead; verify on official site","Jul 10, 2026 &#0183;&#32;The Wells Fargo Technology Program Internship 2027 is an outstanding opportunity for engineering students to gain practical experience in enterprise software development, financial …"